{
  "name": "repurposed_structures:villages/giant_taiga/houses",
  "fallback": "repurposed_structures:villages/giant_taiga/terminators",
  "elements": [
    {
      "weight": 5,
      "element": {
        "location": "charm:villages/giant_taiga/houses/giant_taiga_lumberbee_1",
        "processors": "repurposed_structures:villages/charmify",
        "projection": "rigid",
        "element_type": "minecraft:legacy_single_pool_element"
      }
    },
    {
      "weight": 5,
      "element": {
        "location": "charm:villages/giant_taiga/houses/giant_taiga_lumberjack_1",
        "processors": "repurposed_structures:villages/charmify",
        "projection": "rigid",
        "element_type": "minecraft:legacy_single_pool_element"
      }
    }
  ]
}